cust_key,full_nm_encrypted,first_nm_encrypted,last_nm_encrypted,email_encrypted,phn_num_encrypted,address_line1_encrypted,address_line2_encrypted,city_encrypted,state_encrypted,cntry_encrypted,postal_cd_encrypted,personal_id_type_encrypted,personal_id_val_encrypted,id_expiration_date_nil_encrypted,birth_date_nil_encrypted,date_of_birth_encrypted,date_of_birth_key_encrypted,tender_info_customer_id_personal_id_val_encrypted,id_issuing_authority_encrypted,eff_start_date,eff_end_date,is_referred,is_current,data_src_key,checksum,created_date,updated_date,created_by,updated_by
article,morning,crime,window,one,where,bar,style,edge,strong,market,agent,happy,language,mean,wide,today,style,plan,away,1981-03-28 16:15:32.089319,2017-01-17 14:33:33.912494,travel,False,8440,benefit,1994-04-10 23:31:21.337161,1974-10-16 11:32:37.329151,shoulder,environmental
recently,subject,hotel,give,prepare,top,yet,man,how,trial,give,south,last,sign,consider,treat,unit,pull,almost,hour,1988-05-18 05:27:30.754657,1995-09-01 01:57:40.297537,each,False,8815,daughter,1994-03-17 15:17:45.718623,1996-11-04 12:38:54.460491,girl,exactly
bar,generation,cultural,a,her,section,stuff,everyone,detail,process,teach,buy,card,yard,yeah,experience,foreign,let,no,student,2014-07-30 21:39:30.931731,2013-11-15 17:41:21.860947,base,True,7252,follow,1994-08-14 01:38:27.158449,1996-11-02 10:57:54.808028,year,number
effort,ahead,hard,material,Congress,major,produce,call,happy,so,miss,small,reveal,edge,themselves,one,degree,color,before,tend,1997-06-28 05:55:03.748583,2000-12-24 09:57:35.952082,likely,False,1672,eight,1997-06-30 11:51:53.830966,2022-01-20 16:05:05.746856,down,wait
now,professor,follow,commercial,research,agency,you,forward,wrong,air,allow,civil,age,imagine,exactly,theory,discussion,same,wish,through,2022-12-10 15:30:44.265043,1979-07-21 15:34:21.257564,fear,True,5730,work,2011-12-04 12:21:41.479204,1992-10-06 02:59:14.084873,billion,company
third,bed,rate,place,now,address,clearly,fast,since,various,player,never,opportunity,want,drive,kitchen,plan,operation,a,professor,1998-10-06 15:50:50.002546,2018-01-28 00:57:25.212615,tough,True,2570,short,2017-10-01 06:43:36.097382,1977-11-01 08:07:12.176221,vote,president
tree,learn,her,office,but,different,newspaper,tend,smile,believe,him,suddenly,human,another,financial,those,by,top,line,indicate,2020-05-16 00:35:15.380029,2007-04-09 21:29:51.037662,police,False,4742,later,2021-02-24 18:40:12.959068,2022-06-14 20:08:40.003241,fear,save
play,my,strategy,happy,example,PM,individual,finish,trouble,those,night,almost,side,in,reality,traditional,summer,structure,short,provide,2019-05-24 08:28:31.355175,2012-10-07 17:29:52.838213,charge,False,8004,edge,1995-05-13 14:46:12.870287,2014-11-07 10:33:03.633203,word,if
poor,threat,medical,force,hard,view,set,art,rock,especially,agreement,ask,main,five,film,city,water,imagine,identify,recent,1990-09-30 10:40:02.066954,1994-12-24 04:41:42.751061,myself,False,7339,range,1982-08-15 15:18:24.098393,2004-09-26 20:18:11.271086,argue,blue
experience,along,sometimes,that,education,drug,do,because,while,success,provide,worry,crime,when,theory,work,staff,contain,magazine,material,1986-02-03 21:20:23.495206,2020-04-16 05:35:43.353654,rather,False,5225,subject,2002-10-22 11:48:39.951472,2006-01-22 20:50:40.592483,money,why
